{
  "chromium": 1770456238.3337948,
  "firefox": 1770456330.3130434
}